{
    "uvs":[],
    "normals":[0,1,-0,-0.447214,0.894427,-0,0,0.894427,0.447214,0.447214,0.894427,-0,0,0.894427,-0.447214],
    "vertices":[-0.5,-0.5,0,0.5,-0.5,0,-0.5,0.5,0,0.5,0.5,0,-0.4,0.4,0.05,-0.4,-0.4,0.05,0.4,-0.4,0.05,0.4,0.4,0.05],
    "faces":[33,5,6,7,4,0,0,0,0,33,2,0,5,4,1,1,1,1,33,0,1,6,5,2,2,2,2,33,7,6,1,3,3,3,3,3,33,4,7,3,2,4,4,4,4],
    "metadata":{
        "uvs":0,
        "normals":5,
        "version":3,
        "vertices":8,
        "faces":5,
        "type":"Geometry",
        "generator":"io_three"
    },
    "name":"Plane.001Geometry"
}